gender,qty_trips_percent
0,0.21605663850321452
2,0.18765842664911223
1,0.5962849348476732
